City_ID,City_ID,City,Lat,Lng,Max Temp,Humidity,Cloudiness,Wind Speed,Country,Date
0,0,Ushuaia,-54.8,-68.3,40.66,75,40,11.5,AR,2022-07-28 05:17:43
1,1,Hilo,19.7297,-155.09,79.29,82,40,3.44,US,2022-07-28 05:17:35
2,2,Punta Arenas,-53.15,-70.9167,39.31,81,20,13.8,CL,2022-07-28 05:20:53
3,3,Faya,18.3851,42.4509,68.52,47,100,7.02,SA,2022-07-28 05:20:53
5,5,Chuy,-33.6971,-53.4616,61.45,97,100,7.31,UY,2022-07-28 05:20:55
6,6,Busselton,-33.65,115.3333,65.01,71,30,14.7,AU,2022-07-28 05:19:23
7,7,Herat,34.5,62.0,87.82,23,73,27.72,AF,2022-07-28 05:20:55
8,8,Coihaique,-45.5752,-72.0662,39.15,65,0,3.44,CL,2022-07-28 05:17:02
9,9,Naze,28.3667,129.4833,86.92,82,65,15.57,JP,2022-07-28 05:20:56
10,10,Mahebourg,-20.4081,57.7,74.25,78,40,11.5,MU,2022-07-28 05:19:30
11,11,Yellowknife,62.456,-114.3525,63.12,72,75,6.91,CA,2022-07-28 05:18:39
12,12,Dikson,73.5069,80.5464,40.68,93,57,12.93,RU,2022-07-28 05:20:58
13,13,Hithadhoo,-0.6,73.0833,82.99,73,98,11.65,MV,2022-07-28 05:20:58
14,14,Iqaluit,63.7506,-68.5145,46.13,81,75,5.75,CA,2022-07-28 05:20:59
15,15,Lavrentiya,65.5833,-171.0,41.45,84,100,6.08,RU,2022-07-28 05:20:59
16,16,Mataura,-46.1927,168.8643,47.48,98,100,4.0,NZ,2022-07-28 05:19:29
17,17,Hermanus,-34.4187,19.2345,52.81,76,0,11.5,ZA,2022-07-28 05:19:24
18,18,Sao Filipe,14.8961,-24.4956,78.15,88,94,4.81,CV,2022-07-28 05:21:00
20,20,Carnarvon,-24.8667,113.6333,75.18,47,100,4.83,AU,2022-07-28 05:21:00
21,21,Atambua,-9.1061,124.8925,82.13,46,61,2.77,ID,2022-07-28 05:21:01
22,22,San Quintin,30.4833,-115.95,67.14,87,5,10.96,MX,2022-07-28 05:21:01
24,24,Neiafu,-18.65,-173.9833,77.68,83,20,9.22,TO,2022-07-28 05:21:02
25,25,Luderitz,-26.6481,15.1594,53.42,77,0,3.38,,2022-07-28 05:19:28
26,26,Beringovskiy,63.05,179.3167,51.08,86,100,8.43,RU,2022-07-28 05:21:03
28,28,Hobart,-42.8794,147.3294,53.26,60,20,14.97,AU,2022-07-28 05:21:04
29,29,Alihe,50.5667,123.7167,68.58,87,100,5.55,CN,2022-07-28 05:21:04
30,30,Pisco,-13.7,-76.2167,60.85,88,40,4.61,PE,2022-07-28 05:21:05
31,31,Aksarka,66.5606,67.7975,71.58,45,65,10.69,RU,2022-07-28 05:21:05
32,32,Lensk,60.7253,114.9278,92.52,34,2,11.16,RU,2022-07-28 05:21:06
33,33,Cape Town,-33.9258,18.4232,59.38,79,0,2.3,ZA,2022-07-28 05:19:38
34,34,Kearney,40.6995,-99.0815,72.16,85,40,5.75,US,2022-07-28 05:18:04
35,35,Arraial Do Cabo,-22.9661,-42.0278,69.17,80,0,24.76,BR,2022-07-28 05:17:01
36,36,Avarua,-21.2078,-159.775,75.25,78,75,13.8,CK,2022-07-28 05:21:07
37,37,Gandhinagar,23.2167,72.6833,87.78,79,75,5.75,IN,2022-07-28 05:21:08
38,38,Biritiba-Mirim,-23.5698,-46.0407,56.98,92,19,3.0,BR,2022-07-28 05:21:08
39,39,Albany,42.6001,-73.9662,68.45,83,95,1.72,US,2022-07-28 05:14:42
40,40,Rikitea,-23.1203,-134.9692,74.1,66,99,18.63,PF,2022-07-28 05:17:47
41,41,Castro,-24.7911,-50.0119,56.43,80,92,2.71,BR,2022-07-28 05:21:09
42,42,Abbeville,50.1,1.8333,57.49,67,84,6.55,FR,2022-07-28 05:18:41
43,43,Pevek,69.7008,170.3133,36.79,85,94,6.31,RU,2022-07-28 05:22:09
44,44,Broome,42.2506,-75.833,72.57,87,89,1.01,US,2022-07-28 05:22:10
45,45,Lorengau,-2.0226,147.2712,83.82,76,41,11.27,PG,2022-07-28 05:22:10
46,46,Beroroha,-21.6667,45.1667,67.6,68,0,3.62,MG,2022-07-28 05:22:11
47,47,Edd,13.9297,41.6925,92.52,58,58,1.7,ER,2022-07-28 05:22:11
48,48,Sakete,6.7362,2.6587,72.52,93,92,5.64,BJ,2022-07-28 05:22:12
49,49,Ilinskiy,55.619,38.1182,75.54,73,0,4.47,RU,2022-07-28 05:22:12
50,50,Kapaa,22.0752,-159.319,82.38,80,75,19.57,US,2022-07-28 05:19:38
51,51,Carutapera,-1.195,-46.02,74.61,90,91,3.29,BR,2022-07-28 05:22:13
52,52,Dunedin,-45.8742,170.5036,45.81,89,100,11.01,NZ,2022-07-28 05:22:13
53,53,Georgetown,5.4112,100.3354,89.53,70,20,10.36,MY,2022-07-28 05:19:36
54,54,Laukaa,58.7372,29.8453,60.06,75,2,3.83,RU,2022-07-28 05:22:14
55,55,Tiksi,71.6872,128.8694,72.81,53,83,7.43,RU,2022-07-28 05:22:15
56,56,Pangnirtung,66.1451,-65.7125,53.08,71,100,1.39,CA,2022-07-28 05:22:15
57,57,Mount Gambier,-37.8333,140.7667,49.91,81,75,17.27,AU,2022-07-28 05:22:15
58,58,Bilma,18.6853,12.9164,82.94,58,85,9.62,NE,2022-07-28 05:22:16
59,59,Saint-Philippe,-21.3585,55.7679,73.22,84,41,10.94,RE,2022-07-28 05:22:16
60,60,Baykit,61.67,96.37,69.57,73,100,3.71,RU,2022-07-28 05:22:17
61,61,Mattru,7.6244,-11.8332,71.26,98,79,1.34,SL,2022-07-28 05:22:17
62,62,Darhan,49.4867,105.9228,56.03,90,100,4.79,MN,2022-07-28 05:22:18
63,63,Kirovskiy,45.0917,133.5136,87.48,60,74,3.4,RU,2022-07-28 05:22:18
64,64,Port Alfred,-33.5906,26.891,58.17,96,85,3.0,ZA,2022-07-28 05:19:31
65,65,Dudinka,69.4058,86.1778,61.63,56,67,10.13,RU,2022-07-28 05:22:19
66,66,Klaksvik,62.2266,-6.589,52.72,91,91,13.96,FO,2022-07-28 05:22:19
67,67,Panaba,21.2833,-88.2667,75.6,89,54,7.45,MX,2022-07-28 05:22:20
68,68,Kodiak,57.79,-152.4072,56.71,58,0,3.44,US,2022-07-28 05:22:20
69,69,Lincoln,40.8,-96.667,77.02,75,0,1.01,US,2022-07-28 05:18:00
70,70,Narsaq,60.9167,-46.05,46.62,85,14,0.6,GL,2022-07-28 05:22:21
71,71,Butaritari,3.0707,172.7902,82.0,78,13,13.09,KI,2022-07-28 05:22:21
72,72,Saldanha,-33.0117,17.9442,41.05,68,0,7.45,ZA,2022-07-28 05:22:22
73,73,Raudeberg,61.9875,5.1352,49.96,70,35,4.43,NO,2022-07-28 05:22:22
74,74,Qaanaaq,77.484,-69.3632,35.87,96,49,3.36,GL,2022-07-28 05:22:23
75,75,Poceirao,38.831,-8.7937,68.25,85,0,7.58,PT,2022-07-28 05:22:23
76,76,Torbay,47.6666,-52.7314,62.58,94,75,16.11,CA,2022-07-28 05:22:24
77,77,Pacific Grove,36.6177,-121.9166,60.48,89,100,6.91,US,2022-07-28 05:22:24
78,78,Cidreira,-30.1811,-50.2056,61.07,89,100,3.91,BR,2022-07-28 05:22:25
79,79,Atuona,-9.8,-139.0333,77.47,73,17,25.23,PF,2022-07-28 05:20:17
80,80,Peruc,50.3425,13.9599,58.62,84,39,2.19,CZ,2022-07-28 05:22:25
81,81,Gubkinskiy,64.434,76.5026,65.21,53,17,17.65,RU,2022-07-28 05:22:26
82,82,Nome,64.5011,-165.4064,52.16,82,75,10.36,US,2022-07-28 05:22:26
84,84,Salym,60.0625,71.4789,65.86,54,99,10.02,RU,2022-07-28 05:22:27
85,85,Barrow,71.2906,-156.7887,33.82,100,100,16.11,US,2022-07-28 05:22:28
86,86,Bantou,26.2151,117.4893,102.51,36,61,1.97,CN,2022-07-28 05:22:28
87,87,Rio Gallegos,-51.6226,-69.2181,32.05,80,0,2.3,AR,2022-07-28 05:18:28
88,88,Yarada,17.65,83.2667,89.92,62,40,6.91,IN,2022-07-28 05:22:29
89,89,Tuatapere,-46.1333,167.6833,44.6,94,100,4.63,NZ,2022-07-28 05:23:29
90,90,Vestmannaeyjar,63.4427,-20.2734,51.31,75,97,16.4,IS,2022-07-28 05:23:30
91,91,Uspenka,48.3903,39.1619,77.38,56,5,6.08,UA,2022-07-28 05:23:30
92,92,Esperance,-33.8667,121.9,67.55,43,3,14.63,AU,2022-07-28 05:23:31
93,93,Roald,62.5833,6.1333,52.0,87,20,6.91,NO,2022-07-28 05:23:31
94,94,Salinas,36.6777,-121.6555,64.0,80,100,10.36,US,2022-07-28 05:23:31
95,95,Quito,-0.2299,-78.5249,47.35,76,96,2.89,EC,2022-07-28 05:23:32
96,96,Kaeo,-35.1,173.7833,58.32,81,40,10.87,NZ,2022-07-28 05:23:32
97,97,Vaini,-21.2,-175.2,75.36,94,40,8.05,TO,2022-07-28 05:23:33
98,98,Port Elizabeth,-33.918,25.5701,59.29,99,20,8.05,ZA,2022-07-28 05:20:14
99,99,Suna,57.8338,50.0588,65.68,63,59,5.23,RU,2022-07-28 05:23:33
100,100,East London,-33.0153,27.9116,61.74,82,20,5.75,ZA,2022-07-28 05:23:34
101,101,Zunyi,27.6867,106.9072,79.92,73,97,2.13,CN,2022-07-28 05:23:34
102,102,Sola,-13.8833,167.55,80.17,78,99,11.23,VU,2022-07-28 05:23:35
103,103,Praia Da Vitoria,38.7333,-27.0667,72.75,94,75,7.49,PT,2022-07-28 05:23:35
104,104,Xichang,27.8964,102.2634,80.85,60,29,1.41,CN,2022-07-28 05:23:35
105,105,Tuktoyaktuk,69.4541,-133.0374,46.4,87,100,9.22,CA,2022-07-28 05:23:36
106,106,Saint George,37.1041,-113.5841,73.99,77,40,4.61,US,2022-07-28 05:21:15
107,107,Namioka,40.7072,140.5894,84.42,57,75,4.61,JP,2022-07-28 05:23:37
108,108,Saint-Leu,-21.15,55.2833,72.68,69,7,3.51,RE,2022-07-28 05:23:37
109,109,Aklavik,68.2191,-135.0107,49.96,70,91,10.51,CA,2022-07-28 05:23:38
110,110,Nikolskoye,59.7035,30.7861,63.88,62,0,5.44,RU,2022-07-28 05:19:31
111,111,Kota Kinabalu,5.9749,116.0724,87.78,70,20,3.44,MY,2022-07-28 05:23:39
112,112,Colares,38.7992,-9.4469,68.29,78,1,35.01,PT,2022-07-28 05:23:39
113,113,Bluff,-46.6,168.3333,47.8,87,100,11.41,NZ,2022-07-28 05:23:40
114,114,Airai,-8.9266,125.4092,71.29,47,25,5.12,TL,2022-07-28 05:23:40
115,115,Kaitangata,-46.2817,169.8464,44.78,94,100,7.7,NZ,2022-07-28 05:23:41
116,116,Tasiilaq,65.6145,-37.6368,42.96,97,94,4.5,GL,2022-07-28 05:23:41
117,117,Malanville,11.8685,3.3899,76.5,84,97,7.07,BJ,2022-07-28 05:23:42
118,118,Kahului,20.8947,-156.47,80.62,71,20,20.71,US,2022-07-28 05:23:42
119,119,Bredasdorp,-34.5322,20.0403,47.43,89,0,5.68,ZA,2022-07-28 05:23:43
120,120,Sitka,57.0531,-135.33,58.89,82,100,4.61,US,2022-07-28 05:23:43
121,121,Kavieng,-2.5744,150.7967,84.74,72,35,18.68,PG,2022-07-28 05:19:27
122,122,Juneau,58.3019,-134.4197,60.8,99,100,4.61,US,2022-07-28 05:23:44
123,123,Cherskiy,68.75,161.3,55.96,46,95,5.21,RU,2022-07-28 05:23:44
124,124,Bonfim,3.0833,-59.95,73.71,95,100,3.56,BR,2022-07-28 05:23:45
125,125,New Norfolk,-42.7826,147.0587,52.92,73,96,5.01,AU,2022-07-28 05:23:45
126,126,Kazachka,53.3644,38.0694,72.12,75,18,3.78,RU,2022-07-28 05:23:46
127,127,Margate,51.3813,1.3862,62.91,73,100,3.0,GB,2022-07-28 05:23:46
128,128,Erdaojiang,41.7764,126.0319,86.38,57,86,5.91,CN,2022-07-28 05:23:46
129,129,Souillac,-20.5167,57.5167,73.78,78,40,11.5,MU,2022-07-28 05:23:47
130,130,Alofi,-19.0595,-169.9187,73.29,94,20,8.05,NU,2022-07-28 05:23:47
131,131,Xinxiang,35.3089,113.8672,83.07,71,89,10.65,CN,2022-07-28 05:22:09
132,132,Port Hedland,-20.3167,118.5667,82.45,32,0,17.27,AU,2022-07-28 05:23:48
133,133,Nakhon Thai,17.1006,100.8374,91.24,59,9,3.31,TH,2022-07-28 05:24:49
134,134,Mayo,38.8876,-76.5119,80.58,88,0,4.61,US,2022-07-28 05:24:49
135,135,Chokurdakh,70.6333,147.9167,62.46,32,75,14.85,RU,2022-07-28 05:24:50
136,136,Vila Franca Do Campo,37.7167,-25.4333,76.19,94,84,3.76,PT,2022-07-28 05:24:50
137,137,Manzhouli,49.6,117.4333,76.69,44,11,7.0,CN,2022-07-28 05:24:51
138,138,Severnyy,50.677,36.5532,75.24,64,0,2.24,RU,2022-07-28 05:24:51
139,139,San Patricio,28.017,-97.5169,85.89,75,2,13.22,US,2022-07-28 05:24:52
140,140,Yumen,40.2833,97.2,91.0,13,79,17.96,CN,2022-07-28 05:24:52
141,141,Ballina,-28.8667,153.5667,69.01,53,0,4.97,AU,2022-07-28 05:24:52
142,142,Constitucion,-35.3333,-72.4167,47.93,72,5,5.53,CL,2022-07-28 05:24:53
143,143,Gamba,-2.65,10.0,68.34,92,32,2.28,GA,2022-07-28 05:19:37
144,144,Nouadhibou,20.931,-17.0347,73.38,78,3,24.16,MR,2022-07-28 05:24:54
145,145,Puerto Ayora,-0.7393,-90.3518,67.55,99,98,5.01,EC,2022-07-28 05:24:54
146,146,Ponta Do Sol,32.6667,-17.1,72.23,80,0,5.26,PT,2022-07-28 05:24:54
147,147,Danilov,58.1908,40.1717,69.39,88,72,4.99,RU,2022-07-28 05:24:55
148,148,Terney,45.0503,136.6092,71.92,80,50,6.11,RU,2022-07-28 05:24:55
149,149,Victoria,22.2855,114.1577,95.38,64,0,5.99,HK,2022-07-28 05:20:32
150,150,Anadyr,64.75,177.4833,50.5,76,75,15.66,RU,2022-07-28 05:24:56
151,151,Maceio,-9.6658,-35.7353,72.84,88,75,5.75,BR,2022-07-28 05:21:47
152,152,Copperas Cove,31.1241,-97.9031,85.68,58,20,8.05,US,2022-07-28 05:22:54
153,153,Pizarro,4.9533,-77.366,74.89,92,70,3.02,CO,2022-07-28 05:24:57
154,154,Buta,2.7858,24.73,68.83,100,92,1.77,CD,2022-07-28 05:24:58
155,155,Lebu,-37.6167,-73.65,48.29,86,18,3.91,CL,2022-07-28 05:24:58
156,156,Saint-Augustin,51.226,-58.6502,54.32,89,54,8.7,CA,2022-07-28 05:24:59
157,157,Longyearbyen,78.2186,15.6401,42.64,81,75,18.41,SJ,2022-07-28 05:23:31
158,158,Saint-Michel-Des-Saints,46.6834,-73.9159,59.94,93,32,3.04,CA,2022-07-28 05:24:59
159,159,Hami,42.8,93.45,96.28,7,0,4.79,CN,2022-07-28 05:25:00
160,160,Mar Del Plata,-38.0023,-57.5575,50.09,57,100,15.99,AR,2022-07-28 05:19:33
161,161,Great Bend,38.3645,-98.7648,79.03,72,0,12.66,US,2022-07-28 05:25:00
162,162,Asfi,32.2994,-9.2372,67.66,85,1,12.77,MA,2022-07-28 05:25:01
163,163,Berdigestyakh,62.0989,126.6992,87.06,35,0,6.31,RU,2022-07-28 05:25:01
164,164,Gibara,21.1097,-76.1317,78.12,80,19,15.35,CU,2022-07-28 05:25:02
165,165,Tecoanapa,16.5167,-98.75,77.13,89,100,5.14,MX,2022-07-28 05:25:02
166,166,Thinadhoo,0.5333,72.9333,83.44,72,96,13.73,MV,2022-07-28 05:21:17
167,167,Kemijarvi,66.7131,27.4306,52.81,75,54,9.78,FI,2022-07-28 05:25:03
168,168,Srednekolymsk,67.45,153.6833,59.67,39,83,11.18,RU,2022-07-28 05:25:04
169,169,Talcahuano,-36.7167,-73.1167,46.08,93,0,6.91,CL,2022-07-28 05:25:04
170,170,Komsomolskiy,40.4272,71.7189,93.92,24,5,11.5,UZ,2022-07-28 05:25:04
171,171,Nova Olimpia,-14.7972,-57.2881,69.39,42,2,3.09,BR,2022-07-28 05:25:05
172,172,Quebec,46.8123,-71.2145,66.54,91,0,3.44,CA,2022-07-28 05:20:32
173,173,Huilong,31.8111,121.655,87.06,75,0,13.44,CN,2022-07-28 05:25:06
174,174,Jizan,17.3333,42.6667,88.74,54,83,3.31,SA,2022-07-28 05:25:06
175,175,Zhigansk,66.7697,123.3711,79.9,46,41,5.03,RU,2022-07-28 05:25:07
176,176,Talnakh,69.4865,88.3972,61.21,55,89,12.84,RU,2022-07-28 05:19:40
177,177,Port Hueneme,34.1478,-119.1951,71.51,88,100,6.91,US,2022-07-28 05:25:07
178,178,Flinders,-34.5833,150.8552,66.38,57,24,3.94,AU,2022-07-28 05:25:08
179,179,Sabha,27.0377,14.4283,79.2,18,0,8.81,LY,2022-07-28 05:25:08
180,180,Coahuayana,18.7333,-103.6833,77.22,86,98,3.51,MX,2022-07-28 05:26:09
181,181,Port Blair,11.6667,92.75,86.04,74,40,9.22,IN,2022-07-28 05:26:09
182,182,Norman Wells,65.282,-126.8329,60.84,59,75,4.61,CA,2022-07-28 05:26:09
183,183,Isangel,-19.55,169.2667,75.76,87,100,13.49,VU,2022-07-28 05:26:10
184,184,Podgorica,42.4411,19.2636,74.98,64,40,8.05,ME,2022-07-28 05:26:10
185,185,Dukat,62.55,155.55,57.9,37,89,8.84,RU,2022-07-28 05:26:11
186,186,Zhucheng,35.9947,119.3975,87.62,67,100,7.78,CN,2022-07-28 05:26:11
187,187,Maldonado,-34.6667,-54.9167,56.23,98,98,11.1,UY,2022-07-28 05:21:56
188,188,Tynda,55.1667,124.7167,73.33,82,100,2.91,RU,2022-07-28 05:26:12
189,189,Wanning,18.8003,110.3967,90.21,59,52,5.99,CN,2022-07-28 05:26:12
190,190,Quatre Cocos,-20.2078,57.7625,74.08,75,22,12.01,MU,2022-07-28 05:26:13
191,191,Katsuura,35.1333,140.3,83.39,78,47,11.43,JP,2022-07-28 05:26:13
192,192,Ilulissat,69.2167,-51.1,41.02,93,75,2.3,GL,2022-07-28 05:26:14
193,193,Quelimane,-17.8786,36.8883,62.67,79,4,2.8,MZ,2022-07-28 05:26:14
194,194,Mirpur Khas,25.5251,69.0159,89.01,58,100,18.63,PK,2022-07-28 05:26:15
195,195,Khatanga,71.9667,102.5,73.65,44,95,4.72,RU,2022-07-28 05:26:15
196,196,Deputatskiy,69.3,139.9,64.78,39,77,7.11,RU,2022-07-28 05:26:16
197,197,Campos,-21.75,-41.3,62.26,94,0,5.06,BR,2022-07-28 05:23:21
198,198,Hudiksvall,61.729,17.1036,53.42,61,3,12.15,SE,2022-07-28 05:26:16
199,199,Troisvierges,50.1211,6.0003,54.99,69,67,5.86,LU,2022-07-28 05:26:17
200,200,Lompoc,34.6391,-120.4579,61.02,86,100,7.0,US,2022-07-28 05:22:04
201,201,Grindavik,63.8424,-22.4338,48.15,93,75,23.02,IS,2022-07-28 05:26:17
202,202,Cabo San Lucas,22.8909,-109.9124,84.51,81,55,10.33,MX,2022-07-28 05:15:12
203,203,Bontang,0.1333,117.5,80.02,84,100,5.26,ID,2022-07-28 05:26:18
205,205,Ahipara,-35.1667,173.1667,56.64,82,35,13.82,NZ,2022-07-28 05:23:09
206,206,Havoysund,70.9963,24.6622,48.43,87,100,20.58,NO,2022-07-28 05:22:13
207,207,Abu Samrah,35.3029,37.1841,83.08,32,0,5.03,SY,2022-07-28 05:26:20
208,208,Los Llanos De Aridane,28.6585,-17.9182,69.12,95,100,19.57,ES,2022-07-28 05:26:20
209,209,Ancud,-41.8697,-73.8203,42.67,91,21,2.35,CL,2022-07-28 05:26:21
210,210,Mangaratiba,-22.9597,-44.0406,63.46,71,1,4.27,BR,2022-07-28 05:26:21
211,211,Egvekinot,66.3167,-179.1667,39.7,82,100,4.03,RU,2022-07-28 05:26:21
212,212,Amambai,-23.1042,-55.2258,66.34,53,34,6.02,BR,2022-07-28 05:26:22
213,213,Newcastle,-32.9272,151.7765,68.09,48,0,10.36,AU,2022-07-28 05:26:22
214,214,Mayumba,-3.432,10.6554,68.13,89,33,0.67,GA,2022-07-28 05:26:23
215,215,Lagoa,39.05,-27.9833,71.04,82,0,7.92,PT,2022-07-28 05:26:23
216,216,Tautira,-17.7333,-149.15,77.38,78,42,25.55,PF,2022-07-28 05:26:24
217,217,Vestmanna,62.1564,-7.1664,50.92,100,100,13.8,FO,2022-07-28 05:26:24
218,218,Walvis Bay,-22.9575,14.5053,53.1,93,100,4.61,,2022-07-28 05:26:25
219,219,Kudahuvadhoo,2.6708,72.8944,82.63,73,97,14.25,MV,2022-07-28 05:26:25
220,220,Broken Hill,-31.95,141.4333,60.84,31,6,6.98,AU,2022-07-28 05:26:26
221,221,Gillette,44.2911,-105.5022,62.94,66,0,3.44,US,2022-07-28 05:26:26
222,222,Maumere,-8.6199,122.2111,82.69,59,11,3.42,ID,2022-07-28 05:26:27
223,223,Charters Towers,-20.1,146.2667,71.89,21,0,9.44,AU,2022-07-28 05:26:27
224,224,Jamestown,42.097,-79.2353,71.24,98,75,9.22,US,2022-07-28 05:18:37
225,225,Prado,-17.3411,-39.2208,68.16,84,55,1.63,BR,2022-07-28 05:27:28
226,226,Kpandae,8.4689,-0.0113,72.63,94,100,7.49,GH,2022-07-28 05:27:28
227,227,Westport,41.1415,-73.3579,75.49,89,0,8.05,US,2022-07-28 05:26:03
228,228,Aberdeen,57.1437,-2.0981,54.5,96,75,1.14,GB,2022-07-28 05:23:28
229,229,Necochea,-38.5473,-58.7368,49.12,94,100,18.3,AR,2022-07-28 05:27:29
231,231,Portland,45.5234,-122.6762,82.8,57,20,5.75,US,2022-07-28 05:24:26
232,232,Chara,56.9064,118.2631,76.32,45,100,0.76,RU,2022-07-28 05:27:30
233,233,Gari,59.4307,62.3497,69.1,51,13,6.49,RU,2022-07-28 05:27:31
234,234,Nelson Bay,-32.7167,152.15,64.45,48,4,8.01,AU,2022-07-28 05:27:21
235,235,Fairbanks,64.8378,-147.7164,61.61,55,40,12.66,US,2022-07-28 05:23:56
236,236,Princeton,25.5384,-80.4089,84.0,84,0,8.05,US,2022-07-28 05:27:31
237,237,Corinto,37.9407,22.9573,88.9,46,0,4.34,GR,2022-07-28 05:27:32
238,238,San Francisco,37.7749,-122.4194,66.76,92,40,16.11,US,2022-07-28 05:26:23
239,239,Qazvin,36.2797,50.0049,82.02,57,6,2.3,IR,2022-07-28 05:27:32
240,240,Chapais,49.7834,-74.8492,64.18,92,100,2.37,CA,2022-07-28 05:27:33
241,241,Presidente Medici,-11.1753,-61.9014,71.35,45,7,1.9,BR,2022-07-28 05:27:33
243,243,Cabedelo,-6.9811,-34.8339,70.47,86,68,10.18,BR,2022-07-28 05:25:33
244,244,Nicolas Bravo,18.45,-88.9167,72.95,99,64,1.86,MX,2022-07-28 05:27:34
245,245,Sakakah,29.9697,40.2064,90.97,11,6,11.45,SA,2022-07-28 05:27:34
246,246,Ribeira Grande,38.5167,-28.7,72.16,83,21,8.32,PT,2022-07-28 05:27:35
247,247,Necocli,8.4234,-76.786,74.97,94,100,10.02,CO,2022-07-28 05:27:35
248,248,Caravelas,-17.7125,-39.2481,67.03,87,38,1.77,BR,2022-07-28 05:27:36
249,249,Nalut,30.3333,10.85,78.66,30,0,9.69,LY,2022-07-28 05:27:36
250,250,Kavaratti,10.5669,72.642,79.57,84,98,19.51,IN,2022-07-28 05:27:37
251,251,Kruisfontein,-34.0033,24.7314,51.94,92,4,5.77,ZA,2022-07-28 05:27:38
252,252,Fort-Shevchenko,44.5086,50.263,76.32,70,78,10.51,KZ,2022-07-28 05:27:38
253,253,Provideniya,64.3833,-173.3,44.71,100,100,7.0,RU,2022-07-28 05:27:38
254,254,Hasaki,35.7333,140.8333,91.8,77,76,16.28,JP,2022-07-28 05:27:39
255,255,Kununurra,-15.7667,128.7333,82.38,18,5,10.36,AU,2022-07-28 05:27:39
256,256,Wajima,37.4,136.9,86.68,84,75,3.44,JP,2022-07-28 05:27:40
257,257,Piazza Armerina,37.3859,14.3672,76.55,57,1,4.7,IT,2022-07-28 05:27:40
258,258,Itacarambi,-15.1022,-44.0919,62.29,64,0,2.75,BR,2022-07-28 05:27:41
259,259,Old Town,50.087,14.4202,60.28,76,0,3.44,CZ,2022-07-28 05:27:41
260,260,Ocos,14.5094,-92.1933,75.38,78,74,3.4,GT,2022-07-28 05:27:41
261,261,Aswan,24.0934,32.907,89.49,17,27,8.7,EG,2022-07-28 05:27:42
262,262,Severo-Kurilsk,50.6789,156.125,54.9,88,91,6.78,RU,2022-07-28 05:27:42
263,263,Culaman,5.9603,125.6586,84.25,76,92,8.05,PH,2022-07-28 05:27:43
264,264,Kutum,14.2,24.6667,72.68,65,90,5.3,SD,2022-07-28 05:27:43
265,265,Uruguaiana,-29.7547,-57.0883,67.93,88,0,5.75,BR,2022-07-28 05:27:43
266,266,Nemuro,43.3236,145.575,65.01,92,45,4.63,JP,2022-07-28 05:27:44
267,267,Erzurum,40.0,41.5,60.48,52,0,1.92,TR,2022-07-28 05:27:44
268,268,Nanortalik,60.1432,-45.2371,42.13,87,98,9.44,GL,2022-07-28 05:27:45
269,269,Shetpe,44.1667,52.1167,77.04,52,100,8.86,KZ,2022-07-28 05:28:45
270,270,Tura,25.5198,90.2201,82.4,81,39,4.16,IN,2022-07-28 05:28:45
271,271,Namibe,-15.1961,12.1522,60.76,79,75,6.76,AO,2022-07-28 05:28:46
272,272,Camana,-16.6228,-72.7111,59.32,87,47,9.78,PE,2022-07-28 05:28:46
273,273,Kolokani,13.5728,-8.0339,75.24,88,46,9.82,ML,2022-07-28 05:28:47
274,274,Trelew,-43.249,-65.3051,39.15,81,22,14.76,AR,2022-07-28 05:28:47
275,275,Lisala,2.15,21.5167,70.0,97,100,2.64,CD,2022-07-28 05:28:47
276,276,Rioja,-29.4111,-66.8507,52.05,76,57,3.44,AR,2022-07-28 05:28:48
277,277,Gazanjyk,39.2446,55.5154,91.83,27,32,10.51,TM,2022-07-28 05:28:48
278,278,Abu Kamal,34.4506,40.9171,92.53,14,0,6.71,SY,2022-07-28 05:28:49
279,279,Sergeyevka,53.88,67.4158,63.36,80,88,14.41,KZ,2022-07-28 05:28:49
280,280,Harper,4.375,-7.7169,75.02,72,100,9.64,LR,2022-07-28 05:28:16
281,281,Mandalgovi,45.7625,106.2708,77.4,25,43,13.67,MN,2022-07-28 05:28:50
282,282,Benguela,-12.5763,13.4055,66.58,92,95,2.06,AO,2022-07-28 05:28:50
283,283,Upernavik,72.7868,-56.1549,40.35,84,100,1.05,GL,2022-07-28 05:28:51
284,284,Sorland,67.667,12.6934,49.86,75,46,10.98,NO,2022-07-28 05:28:51
285,285,Loandjili,-4.7561,11.8578,68.11,94,100,2.3,CG,2022-07-28 05:28:51
286,286,Luziania,-16.2525,-47.9503,55.09,59,0,3.24,BR,2022-07-28 05:28:52
287,287,Khani,41.9563,42.9566,63.97,67,7,2.59,GE,2022-07-28 05:28:52
288,288,Guerrero Negro,27.9769,-114.0611,68.27,83,74,13.31,MX,2022-07-28 05:28:53
289,289,Geraldton,-28.7667,114.6,72.01,60,40,11.5,AU,2022-07-28 05:19:22
290,290,Nizhnevartovsk,60.9344,76.5531,66.22,72,0,7.0,RU,2022-07-28 05:25:09
291,291,Coquimbo,-29.9533,-71.3436,51.53,100,40,2.3,CL,2022-07-28 05:28:53
292,292,Nabire,-3.3667,135.4833,83.26,76,22,2.24,ID,2022-07-28 05:25:06
293,293,Manzanillo,20.3433,-77.1167,75.88,90,30,11.27,CU,2022-07-28 05:28:54
294,294,Akcakoca,41.0866,31.1162,72.81,55,0,2.17,TR,2022-07-28 05:28:55
296,296,Husavik,66.0449,-17.3389,51.96,78,21,9.42,IS,2022-07-28 05:28:55
297,297,Bengkulu,-3.8004,102.2655,85.37,65,46,5.84,ID,2022-07-28 05:28:56
298,298,Clyde River,70.4692,-68.5914,37.63,100,100,9.22,CA,2022-07-28 05:26:59
299,299,Paamiut,61.994,-49.6678,42.64,86,53,14.76,GL,2022-07-28 05:28:56
300,300,Mandan,46.8267,-100.8896,62.58,79,0,6.91,US,2022-07-28 05:28:57
302,302,Half Moon Bay,37.4636,-122.4286,64.81,85,100,16.11,US,2022-07-28 05:28:57
303,303,Pindushi,62.9152,34.58,63.34,69,97,6.24,RU,2022-07-28 05:28:58
304,304,Dalvik,65.9702,-18.5286,51.73,80,5,11.3,IS,2022-07-28 05:28:59
305,305,Kenai,60.5544,-151.2583,68.09,55,0,4.61,US,2022-07-28 05:28:59
306,306,Mitsamiouli,-11.3847,43.2844,79.09,57,20,2.3,KM,2022-07-28 05:29:00
307,307,Pitimbu,-7.4706,-34.8086,70.39,87,90,8.86,BR,2022-07-28 05:29:00
308,308,Inirida,3.8653,-67.9239,72.54,98,95,2.21,CO,2022-07-28 05:29:00
309,309,Luwuk,-0.9516,122.7875,81.9,82,95,7.76,ID,2022-07-28 05:29:01
310,310,Champagnole,46.7445,5.9135,63.48,82,0,3.18,FR,2022-07-28 05:29:01
311,311,Heihe,50.2441,127.4902,77.58,43,100,14.32,CN,2022-07-28 05:29:02
312,312,Yaan,7.3833,8.5667,70.27,98,100,4.05,NG,2022-07-28 05:29:02
313,313,Uyuni,-20.4597,-66.825,41.56,28,25,3.51,BO,2022-07-28 05:29:03
314,314,Fukue,32.6881,128.8419,88.16,74,75,9.22,JP,2022-07-28 05:30:03
315,315,Northam,51.0333,-4.2167,55.38,78,100,2.42,GB,2022-07-28 05:30:04
316,316,Haines Junction,60.7522,-137.5108,51.75,93,100,1.14,CA,2022-07-28 05:30:05
317,317,Basco,20.4487,121.9702,86.23,75,90,13.58,PH,2022-07-28 05:30:05
318,318,Shache,38.4167,77.2406,102.0,11,9,9.48,CN,2022-07-28 05:30:06
319,319,Biak,-0.9131,122.8766,79.18,81,97,8.12,ID,2022-07-28 05:30:06
320,320,Porto Novo,6.4965,2.6036,75.54,85,100,10.0,BJ,2022-07-28 05:30:06
321,321,Saskylakh,71.9167,114.0833,76.01,45,89,6.49,RU,2022-07-28 05:30:07
322,322,Taltal,-25.4,-70.4833,58.55,80,99,3.15,CL,2022-07-28 05:30:07
323,323,Talara,-4.5772,-81.2719,63.88,85,57,17.27,PE,2022-07-28 05:30:08
324,324,Ulladulla,-35.35,150.4667,57.22,69,56,6.04,AU,2022-07-28 05:30:08
325,325,Shahreza,32.0339,51.8794,81.9,48,43,2.93,IR,2022-07-28 05:30:09
326,326,Ormara,25.2088,64.6357,82.98,81,100,9.84,PK,2022-07-28 05:30:09
327,327,Lubango,-14.9172,13.4925,57.06,28,0,4.61,AO,2022-07-28 05:30:10
328,328,Henties Bay,-22.116,14.2845,52.77,83,1,1.03,,2022-07-28 05:30:10
329,329,Kourou,5.1552,-52.6478,75.11,93,97,4.5,GF,2022-07-28 05:30:11
330,330,Teahupoo,-17.8333,-149.2667,71.56,77,52,26.37,PF,2022-07-28 05:30:11
331,331,Bambous Virieux,-20.3428,57.7575,74.21,78,40,11.5,MU,2022-07-28 05:30:12
332,332,Gigmoto,13.7796,124.39,88.11,67,100,7.76,PH,2022-07-28 05:30:13
333,333,Pajan,-1.5667,-80.4167,69.53,91,97,3.27,EC,2022-07-28 05:30:13
334,334,Myrtle Beach,33.6891,-78.8867,81.09,85,0,9.22,US,2022-07-28 05:28:06
335,335,Kiunga,-6.1219,141.2906,80.35,92,82,3.62,PG,2022-07-28 05:30:14
336,336,Sfantu Gheorghe,45.8667,25.7833,69.26,80,61,2.64,RO,2022-07-28 05:30:14
337,337,Malaya Serdoba,52.4661,44.9512,77.59,58,17,5.5,RU,2022-07-28 05:30:15
338,338,Meulaboh,4.1363,96.1285,85.01,64,84,5.91,ID,2022-07-28 05:30:15
339,339,Tahe,52.3333,124.7333,76.3,64,100,5.61,CN,2022-07-28 05:30:16
340,340,Bahia Blanca,-38.7196,-62.2724,42.24,90,34,7.2,AR,2022-07-28 05:30:16
341,341,Anloga,5.7947,0.8973,75.67,87,100,16.53,GH,2022-07-28 05:30:17
342,342,Champerico,14.3,-91.9167,78.42,83,77,3.49,GT,2022-07-28 05:30:17
343,343,Gornopravdinsk,60.05,69.9,67.19,51,100,9.93,RU,2022-07-28 05:30:18
344,344,Sumbe,-11.2061,13.8437,66.97,90,95,5.01,AO,2022-07-28 05:30:19
345,345,Iroquois Falls,48.7669,-80.6831,58.19,99,84,5.26,CA,2022-07-28 05:30:19
346,346,Itaituba,-4.2761,-55.9836,77.16,63,77,1.63,BR,2022-07-28 05:30:19
347,347,Ryotsu,38.0833,138.4333,81.48,72,34,5.64,JP,2022-07-28 05:30:20
348,348,Kargat,55.1956,80.2811,83.73,41,28,9.1,RU,2022-07-28 05:30:21
349,349,Brae,60.3964,-1.353,53.55,76,55,7.07,GB,2022-07-28 05:30:21
351,351,Najran,17.4924,44.1277,86.65,44,95,2.51,SA,2022-07-28 05:30:22
352,352,Yalvac,38.2956,31.1778,79.02,29,0,7.29,TR,2022-07-28 05:30:23
353,353,Saint Anthony,45.0205,-93.218,71.49,59,0,14.97,US,2022-07-28 05:30:23
354,354,Mackenzie,55.2999,-123.1698,70.02,68,0,2.3,CA,2022-07-28 05:30:24
355,355,Jinxiang,27.4327,120.6062,87.91,61,99,8.03,CN,2022-07-28 05:30:24
356,356,La Ronge,55.1001,-105.2842,57.45,72,20,3.44,CA,2022-07-28 05:30:25
357,357,Konskie,51.1917,20.4061,62.24,51,43,4.61,PL,2022-07-28 05:30:25
358,358,Mezhdurechensk,53.6942,88.0603,78.28,40,49,3.47,RU,2022-07-28 05:31:26
359,359,Kasongo-Lunda,-6.4667,16.8167,66.25,47,36,1.43,CD,2022-07-28 05:31:26
360,360,Lodja,-3.4833,23.4333,75.04,74,81,2.17,CD,2022-07-28 05:31:27
361,361,Puerto Escondido,15.85,-97.0667,76.84,89,75,5.17,MX,2022-07-28 05:31:27
362,362,Port Keats,-14.25,129.55,89.53,24,18,4.92,AU,2022-07-28 05:31:28
363,363,Hambantota,6.1241,81.1185,82.74,89,75,9.22,LK,2022-07-28 05:31:28
364,364,Villarrica,-25.75,-56.4333,66.43,69,66,3.67,PY,2022-07-28 05:31:29
365,365,Igarka,67.4667,86.5833,61.65,66,96,10.02,RU,2022-07-28 05:31:29
366,366,Erenhot,43.6475,111.9767,90.88,15,9,13.65,CN,2022-07-28 05:31:30
367,367,Lasa,46.6166,10.7002,63.48,86,58,2.98,IT,2022-07-28 05:31:30
368,368,Mindelo,16.8901,-24.9804,78.35,83,40,9.22,CV,2022-07-28 05:31:31
369,369,Sinnamary,5.3833,-52.95,75.87,88,96,5.5,GF,2022-07-28 05:31:31
370,370,Pochutla,15.7432,-96.4661,76.82,94,55,3.87,MX,2022-07-28 05:31:32
371,371,Bambari,5.768,20.6757,70.72,96,99,0.6,CF,2022-07-28 05:31:32
372,372,Gunjur,13.2019,-16.7339,78.87,94,40,4.61,GM,2022-07-28 05:31:33
373,373,San Policarpo,12.1791,125.5072,88.81,65,100,9.55,PH,2022-07-28 05:31:33
374,374,Lazo,43.3817,133.9014,88.84,52,29,6.13,RU,2022-07-28 05:31:34
375,375,Richards Bay,-28.783,32.0377,65.23,79,77,3.69,ZA,2022-07-28 05:31:34
376,376,Presidencia Roque Saenz Pena,-26.7852,-60.4388,72.54,41,89,5.37,AR,2022-07-28 05:31:35
377,377,Vallenar,-28.5708,-70.7581,58.41,62,94,1.83,CL,2022-07-28 05:31:35
378,378,Tommot,58.9564,126.2925,85.95,47,2,9.42,RU,2022-07-28 05:31:36
379,379,Adrar,20.5022,-10.0711,92.35,9,0,9.82,MR,2022-07-28 05:31:36
380,380,Sechura,-5.5569,-80.8222,63.09,82,49,13.35,PE,2022-07-28 05:31:37
381,381,Belyy Yar,53.6039,91.3903,73.29,54,0,4.47,RU,2022-07-28 05:31:37
382,382,Storforshei,66.4043,14.5233,51.66,76,75,10.36,NO,2022-07-28 05:31:38
383,383,Labuhan,-6.8844,112.2051,87.4,58,86,8.19,ID,2022-07-28 05:31:38
384,384,Channel-Port Aux Basques,47.5702,-59.1367,59.86,92,36,7.18,CA,2022-07-28 05:31:39
385,385,Barda,40.3744,47.1267,78.08,42,54,3.98,AZ,2022-07-28 05:31:39
386,386,Hervey Bay,-25.2986,152.8535,65.7,60,3,10.04,AU,2022-07-28 05:31:40
387,387,Kharabali,47.4196,47.2568,76.66,59,77,8.25,RU,2022-07-28 05:31:40
388,388,Slave Lake,55.2834,-114.769,69.78,83,0,3.44,CA,2022-07-28 05:31:41
389,389,Baghdad,33.3406,44.4009,93.11,17,0,11.5,IQ,2022-07-28 05:28:17
390,390,Winneba,5.3511,-0.6231,74.03,86,81,13.13,GH,2022-07-28 05:31:41
391,391,Arona,28.0996,-16.681,70.92,84,0,6.91,ES,2022-07-28 05:31:42
392,392,Ladovskaya Balka,45.6297,41.4023,72.57,43,2,5.79,RU,2022-07-28 05:31:42
393,393,Alyangula,-13.8483,136.4192,77.0,63,15,13.35,AU,2022-07-28 05:31:43
394,394,Laje,-10.1833,-40.9667,60.8,91,0,5.77,BR,2022-07-28 05:31:43
395,395,Palmer,42.1584,-72.3287,69.21,80,0,3.44,US,2022-07-28 05:31:28
396,396,Soyo,-6.1349,12.3689,69.28,87,87,4.07,AO,2022-07-28 05:31:44
397,397,Gualan,15.1333,-89.3667,72.99,99,97,0.4,GT,2022-07-28 05:31:45
399,399,Camacha,33.0833,-16.3333,67.42,83,40,16.11,PT,2022-07-28 05:31:46
400,400,Tocopilla,-22.092,-70.1979,60.35,72,95,8.9,CL,2022-07-28 05:31:46
401,401,Vila Do Maio,15.1333,-23.2167,77.79,83,98,7.4,CV,2022-07-28 05:31:46
402,402,Bathsheba,13.2167,-59.5167,81.21,88,40,19.57,BB,2022-07-28 05:31:47
403,403,Oktyabrskiy,54.4815,53.471,70.84,58,36,8.5,RU,2022-07-28 05:31:47
405,405,Kitami,43.8031,143.8908,71.06,79,86,7.07,JP,2022-07-28 05:31:48
406,406,Bubaque,11.2833,-15.8333,79.72,79,99,12.24,GW,2022-07-28 05:31:49
407,407,Hirara,24.8,125.2833,91.26,70,40,14.97,JP,2022-07-28 05:32:49
408,408,Xining,36.6167,101.7667,75.79,33,2,3.94,CN,2022-07-28 05:29:08
409,409,Zyryanka,65.75,150.85,61.25,35,100,10.27,RU,2022-07-28 05:32:50
410,410,Kigorobya,1.6162,31.3089,70.27,78,93,8.05,UG,2022-07-28 05:32:50
411,411,Pahrump,36.2083,-115.9839,86.05,45,50,5.01,US,2022-07-28 05:29:23
412,412,Kilakarai,9.2333,78.7833,86.07,65,57,9.6,IN,2022-07-28 05:32:51
413,413,Khujner,23.7833,76.6,79.93,79,100,7.43,IN,2022-07-28 05:32:51
414,414,Torgau,51.5667,13.0,57.11,58,61,4.23,DE,2022-07-28 05:32:52
415,415,Touros,-5.1989,-35.4608,71.91,85,42,13.44,BR,2022-07-28 05:32:52
416,416,Poum,-20.2333,164.0167,72.97,71,58,15.59,NC,2022-07-28 05:32:53
417,417,Peniche,39.3558,-9.3811,66.29,91,19,9.31,PT,2022-07-28 05:32:53
418,418,Yerbogachen,61.2767,108.0108,79.63,61,32,4.54,RU,2022-07-28 05:32:54
419,419,Wau,7.7029,27.9953,72.68,88,100,2.37,SS,2022-07-28 05:32:54
420,420,Bell Ville,-32.6259,-62.6887,50.67,84,100,17.11,AR,2022-07-28 05:32:55
421,421,San Isidro,-12.1167,-77.05,60.01,89,100,8.05,PE,2022-07-28 05:32:55
422,422,Lukovetskiy,64.2956,41.9211,73.76,65,69,5.7,RU,2022-07-28 05:32:56
423,423,Asheville,35.6009,-82.554,74.17,92,0,3.44,US,2022-07-28 05:31:29
424,424,Kaohsiung,22.6163,120.3133,93.15,68,40,9.22,TW,2022-07-28 05:28:39
425,425,Kieta,-6.2167,155.6333,83.48,72,6,7.25,PG,2022-07-28 05:32:56
426,426,Ampanihy,-24.7,44.75,66.85,59,0,8.9,MG,2022-07-28 05:32:57
427,427,Coruripe,-10.1256,-36.1756,70.83,88,26,5.37,BR,2022-07-28 05:32:57
429,429,Dongsheng,39.8161,109.9776,83.86,23,0,6.76,CN,2022-07-28 05:32:58
430,430,Rawson,-43.3002,-65.1023,40.3,78,38,16.75,AR,2022-07-28 05:32:59
431,431,Maine-Soroa,13.2114,12.0241,79.12,73,100,8.41,NE,2022-07-28 05:32:59
432,432,Feicheng,35.2606,117.9675,87.35,67,80,7.45,CN,2022-07-28 05:33:00
433,433,Baruun-Urt,46.6806,113.2792,75.92,31,23,2.75,MN,2022-07-28 05:33:00
434,434,Am Timan,11.0297,20.2827,71.4,95,100,2.55,TD,2022-07-28 05:33:01
435,435,Trairi,-3.2778,-39.2689,75.99,84,95,10.33,BR,2022-07-28 05:31:17
436,436,Havelock,34.8791,-76.9013,81.95,89,63,4.0,US,2022-07-28 05:33:01
437,437,Cap Malheureux,-19.9842,57.6142,74.46,68,2,8.01,MU,2022-07-28 05:33:02
439,439,Susice,49.2311,13.5202,66.97,79,87,3.74,CZ,2022-07-28 05:33:03
440,440,Hofn,64.2539,-15.2082,52.86,94,100,20.31,IS,2022-07-28 05:33:03
441,441,Flin Flon,54.7682,-101.865,54.66,66,39,6.49,CA,2022-07-28 05:33:04
442,442,Celestun,20.8667,-90.4,77.27,88,96,12.64,MX,2022-07-28 05:33:04
443,443,Koflach,47.0667,15.0833,62.78,82,10,1.72,AT,2022-07-28 05:33:05
444,444,Boguchany,58.3814,97.4531,59.5,96,100,2.17,RU,2022-07-28 05:33:06
445,445,Maryborough,-25.5333,152.7,65.5,62,5,4.83,AU,2022-07-28 05:31:45
446,446,Shu,43.5983,73.7614,93.0,20,64,11.14,KZ,2022-07-28 05:33:06
447,447,Omboue,-1.5746,9.2618,72.64,80,51,4.59,GA,2022-07-28 05:33:07
448,448,San Cristobal,7.7669,-72.225,66.38,93,68,1.88,VE,2022-07-28 05:33:08
449,449,Salalah,17.0151,54.0924,77.09,94,100,8.05,OM,2022-07-28 05:33:08
450,450,Calama,-22.4667,-68.9333,43.29,24,87,18.41,CL,2022-07-28 05:33:08
451,451,Namtsy,62.7161,129.6658,91.78,30,13,3.29,RU,2022-07-28 05:33:09
452,452,Morros,-9.4467,-46.3003,65.17,48,0,3.42,BR,2022-07-28 05:33:09
453,453,Gao,16.6362,1.637,86.61,51,100,15.84,ML,2022-07-28 05:33:10
454,454,Beloha,-25.1667,45.05,68.4,54,0,6.73,MG,2022-07-28 05:33:10
455,455,Manado,1.487,124.8455,84.97,84,40,5.75,ID,2022-07-28 05:34:11
456,456,La Rioja,42.25,-2.5,53.38,76,29,1.3,ES,2022-07-28 05:34:11
457,457,Miraflores,19.2167,-98.8083,58.03,91,100,2.71,MX,2022-07-28 05:34:12
458,458,Taunggyi,20.7833,97.0333,82.78,54,7,1.68,MM,2022-07-28 05:34:12
459,459,Santa Marta,11.2408,-74.199,80.65,78,75,6.91,CO,2022-07-28 05:29:31
460,460,Labytnangi,66.6572,66.4183,67.66,53,82,7.11,RU,2022-07-28 05:34:13
462,462,Kidal,18.4411,1.4078,87.78,46,90,13.0,ML,2022-07-28 05:34:13
463,463,Katangli,51.7102,143.2326,59.95,79,67,9.35,RU,2022-07-28 05:34:14
464,464,Kaili,-3.4626,120.2147,72.36,84,98,3.91,ID,2022-07-28 05:34:15
465,465,Joshimath,30.5667,79.5667,75.88,84,99,5.77,IN,2022-07-28 05:34:15
466,466,Denpasar,-8.65,115.2167,83.86,74,40,19.57,ID,2022-07-28 05:30:00
467,467,Sazonovo,59.0919,35.2268,63.25,97,100,1.41,RU,2022-07-28 05:34:16
468,468,Along,28.1667,94.7667,83.7,87,74,3.44,IN,2022-07-28 05:34:17
469,469,Gizo,-8.103,156.8419,83.84,72,15,6.31,SB,2022-07-28 05:34:17
470,470,Kassala,15.451,36.4,78.33,70,90,13.73,SD,2022-07-28 05:34:18
471,471,Yairipok,24.6667,94.0667,86.25,57,51,2.06,IN,2022-07-28 05:34:18
472,472,Ayr,55.4627,-4.6339,51.78,87,0,1.14,GB,2022-07-28 05:34:19
473,473,Honiara,-9.4333,159.95,83.59,74,83,8.84,SB,2022-07-28 05:34:19
474,474,Qui Nhon,13.7667,109.2333,86.67,66,10,11.1,VN,2022-07-28 05:34:20
475,475,Kapit,2.0167,112.9333,94.12,46,41,1.81,MY,2022-07-28 05:34:20
476,476,Nambiyur,11.3667,77.3333,87.39,55,77,3.69,IN,2022-07-28 05:34:20
477,477,Muli,2.9167,73.5667,82.85,73,100,14.74,MV,2022-07-28 05:34:21
478,478,Monte Patria,-30.6919,-70.9467,52.32,83,84,2.48,CL,2022-07-28 05:32:33
479,479,Giovinazzo,41.1864,16.6674,77.31,71,0,4.61,IT,2022-07-28 05:34:22
480,480,Sterling,39.0062,-77.4286,77.94,92,0,5.75,US,2022-07-28 05:34:14
481,481,Phuket,8.0,98.25,90.09,79,20,4.61,TH,2022-07-28 05:33:19
482,482,Beira,-19.8436,34.8389,59.09,94,20,8.05,MZ,2022-07-28 05:34:23
483,483,Arvi,20.9833,78.2333,87.53,61,76,4.27,IN,2022-07-28 05:34:23
484,484,Rio Blanco,18.8333,-97.15,63.1,97,80,1.97,MX,2022-07-28 05:34:24
485,485,Mangrol,21.1167,70.1167,84.47,71,90,8.48,IN,2022-07-28 05:34:24
486,486,Nanakuli,21.3906,-158.1547,82.35,56,0,9.22,US,2022-07-28 05:34:25
487,487,Semey,50.4111,80.2275,89.82,27,40,22.37,KZ,2022-07-28 05:34:25
488,488,Montclair,40.8259,-74.209,78.35,80,0,4.61,US,2022-07-28 05:31:52
489,489,Kuusamo,65.9667,29.1833,57.24,88,100,5.75,FI,2022-07-28 05:34:26
490,490,Otradnoye,59.7775,30.8181,68.88,54,0,5.79,RU,2022-07-28 05:34:27
491,491,Alta Floresta,-9.8756,-56.0861,65.59,50,0,2.51,BR,2022-07-28 05:34:27
492,492,Pingliang,35.5392,106.6861,85.82,25,0,14.38,CN,2022-07-28 05:34:27
493,493,Lalsot,26.5667,76.3333,79.63,85,99,11.1,IN,2022-07-28 05:34:28
494,494,Damavand,35.7178,52.065,82.87,32,87,2.46,IR,2022-07-28 05:34:28
495,495,Ixtapa,20.7,-105.2,80.22,100,40,3.44,MX,2022-07-28 05:34:29
496,496,Huarmey,-10.0681,-78.1522,61.93,88,28,8.43,PE,2022-07-28 05:34:29
497,497,Bria,6.5423,21.9863,70.47,95,100,2.21,CF,2022-07-28 05:34:30
498,498,Colombo,6.9319,79.8478,84.15,72,55,5.06,LK,2022-07-28 05:31:51
499,499,Byron Bay,-28.65,153.6167,65.71,59,0,6.49,AU,2022-07-28 05:34:30
500,500,Bone,51.9669,12.1396,59.83,73,74,4.68,DE,2022-07-28 05:34:31
501,501,Fortuna,40.5982,-124.1573,58.66,91,100,1.01,US,2022-07-28 05:34:00
502,502,Grand Baie,-20.0182,57.5802,74.44,70,3,7.0,MU,2022-07-28 05:34:32
503,503,Nerchinsk,51.9833,116.5833,73.89,47,49,11.74,RU,2022-07-28 05:34:32
504,504,Shushenskoye,53.325,91.9356,74.79,38,3,5.01,RU,2022-07-28 05:35:33
505,505,Sioux Lookout,50.1001,-91.917,55.47,88,75,10.36,CA,2022-07-28 05:35:33
506,506,Avera,33.194,-82.5271,79.56,65,72,6.8,US,2022-07-28 05:31:08
507,507,Kloulklubed,7.0419,134.2556,84.7,70,100,7.18,PW,2022-07-28 05:35:34
508,508,Faanui,-16.4833,-151.75,78.24,77,17,26.19,PF,2022-07-28 05:35:34
509,509,Itarema,-2.9248,-39.9167,76.98,84,78,13.82,BR,2022-07-28 05:35:35
510,510,Comodoro Rivadavia,-45.8667,-67.5,44.46,42,0,18.41,AR,2022-07-28 05:30:37
511,511,Axim,4.8699,-2.2405,75.36,82,89,12.17,GH,2022-07-28 05:35:36
512,512,Mogocha,53.7333,119.7667,71.13,86,70,4.97,RU,2022-07-28 05:35:36
513,513,Bodden Town,19.2833,-81.25,82.92,83,27,1.01,KY,2022-07-28 05:32:30
514,514,Lac Du Bonnet,50.2536,-96.0612,51.21,97,81,5.3,CA,2022-07-28 05:35:37
515,515,Pop,40.8736,71.1089,88.29,18,0,7.99,UZ,2022-07-28 05:35:38
516,516,Petropavlovsk-Kamchatskiy,53.0452,158.6483,72.19,60,40,13.42,RU,2022-07-28 05:35:38
517,517,Aljezur,37.3191,-8.8033,62.17,89,0,10.47,PT,2022-07-28 05:35:39
518,518,Karratha,-20.7377,116.8463,79.54,43,0,16.98,AU,2022-07-28 05:35:39
519,519,Kholm,59.2667,32.85,59.99,89,100,2.71,RU,2022-07-28 05:35:40
520,520,Lata,40.1629,-8.3327,56.43,87,0,1.74,PT,2022-07-28 05:35:40
521,521,Lithakia,37.7167,20.8333,78.17,94,40,3.44,GR,2022-07-28 05:35:41
522,522,Tranas,58.0372,14.9782,57.38,61,10,4.09,SE,2022-07-28 05:35:41
523,523,Porangatu,-13.4408,-49.1486,66.92,41,0,2.77,BR,2022-07-28 05:35:41
524,524,Grand Gaube,-20.0064,57.6608,74.37,70,3,7.0,MU,2022-07-28 05:35:42
525,525,Zhangjiakou,40.81,114.8794,82.99,42,6,4.36,CN,2022-07-28 05:35:42
526,526,Luangwa,-15.6167,30.4167,66.43,59,31,5.86,ZM,2022-07-28 05:35:43
527,527,San Lorenzo,-25.3333,-57.5333,65.59,88,67,2.3,PY,2022-07-28 05:35:43
528,528,Tuy Hoa,13.0833,109.3,91.31,58,13,8.88,VN,2022-07-28 05:35:44
529,529,Padang,-0.9492,100.3543,84.25,59,34,6.08,ID,2022-07-28 05:35:44
530,530,Las Vegas,36.175,-115.1372,81.28,71,40,9.22,US,2022-07-28 05:34:46
531,531,Cockburn Town,21.4612,-71.1419,80.71,76,0,20.13,TC,2022-07-28 05:35:45
532,532,San Jeronimo,-11.9472,-75.2829,44.58,80,46,1.92,PE,2022-07-28 05:35:46
533,533,Hauterive,46.0901,3.4459,56.16,63,18,3.31,FR,2022-07-28 05:35:46
534,534,Eslov,55.8393,13.3039,56.88,90,28,6.85,SE,2022-07-28 05:35:46
535,535,Srandakan,-7.9386,110.2506,83.35,70,74,13.73,ID,2022-07-28 05:35:47
536,536,Udachnyy,66.4167,112.4,89.46,40,15,8.34,RU,2022-07-28 05:35:48
537,537,Price,39.5994,-110.8107,74.12,53,0,11.5,US,2022-07-28 05:34:11
538,538,Vaitape,-16.5167,-151.75,78.24,77,16,26.24,PF,2022-07-28 05:35:49
539,539,Port Lincoln,-34.7333,135.8667,57.49,72,42,8.84,AU,2022-07-28 05:35:49
540,540,Jeremie,18.65,-74.1167,79.23,80,69,5.01,HT,2022-07-28 05:35:49
541,541,Mweka,-4.85,21.5667,72.45,67,80,0.72,CD,2022-07-28 05:35:50
542,542,Antsohihy,-14.8796,47.9875,78.17,47,1,3.4,MG,2022-07-28 05:35:50
543,543,Kamyshevatskaya,46.4132,37.9563,78.84,54,1,6.82,RU,2022-07-28 05:35:51
544,544,Mariel,22.9875,-82.7536,78.94,82,99,13.2,CU,2022-07-28 05:35:51
545,545,Arandis,-22.4167,14.9667,53.01,38,1,2.33,,2022-07-28 05:35:52
546,546,Saint-Pierre,-21.3393,55.4781,74.28,63,40,3.44,RE,2022-07-28 05:35:53
547,547,Svetlaya,46.5389,138.3297,68.45,84,41,8.68,RU,2022-07-28 05:35:53
548,548,Borogontsy,62.6683,131.1683,89.78,34,23,3.58,RU,2022-07-28 05:35:54
549,549,Nampa,43.5407,-116.5635,86.29,34,0,10.36,US,2022-07-28 05:35:54
550,550,San Jose,37.3394,-121.895,67.21,77,20,9.22,US,2022-07-28 05:33:28
551,551,Ramhormoz,31.28,49.6035,96.89,46,21,15.9,IR,2022-07-28 05:35:55
552,552,Hamilton,39.1834,-84.5333,74.88,93,20,3.44,US,2022-07-28 05:34:42
553,553,Qeshm,26.9581,56.2719,91.27,73,90,24.2,IR,2022-07-28 05:36:55
554,554,Hammerfest,70.6634,23.6821,48.65,100,75,11.5,NO,2022-07-28 05:36:56
555,555,Pancas,-19.225,-40.8514,60.71,94,0,0.47,BR,2022-07-28 05:36:57
556,556,Codrington,-38.2667,141.9667,50.76,80,97,7.05,AU,2022-07-28 05:36:57
557,557,Maniitsoq,65.4167,-52.9,40.91,84,38,8.46,GL,2022-07-28 05:36:57
558,558,Tezu,27.9167,96.1667,84.9,78,96,1.3,IN,2022-07-28 05:36:58
559,559,Bonavista,48.6499,-53.1147,58.91,94,6,7.94,CA,2022-07-28 05:36:58
560,560,Keningau,5.3378,116.1602,87.62,65,73,3.56,MY,2022-07-28 05:36:59
561,561,Ziyang,29.2497,117.8547,101.62,38,2,2.86,CN,2022-07-28 05:36:59
562,562,Te Anau,-45.4167,167.7167,41.41,98,100,1.59,NZ,2022-07-28 05:37:00
563,563,Paita,-5.0892,-81.1144,62.82,86,51,12.8,PE,2022-07-28 05:37:00
564,564,Ostrovnoy,68.0531,39.5131,66.38,68,76,17.65,RU,2022-07-28 05:32:14
565,565,Ngorongoro,-3.2397,35.4875,51.1,78,95,7.34,TZ,2022-07-28 05:37:01
566,566,Soskovo,52.7475,35.3828,71.1,73,64,8.9,RU,2022-07-28 05:37:02
567,567,Dongning,44.0622,131.1207,86.14,69,91,6.49,CN,2022-07-28 05:37:02
568,568,Krasnovishersk,60.4078,57.082,72.57,45,54,1.77,RU,2022-07-28 05:37:03
569,569,Osypenko,46.9136,36.8253,82.49,41,0,5.41,UA,2022-07-28 05:37:03
570,570,Bam,29.106,58.357,91.27,40,88,6.44,IR,2022-07-28 05:37:04
571,571,Wattegama,6.7989,81.4808,88.63,54,90,1.1,LK,2022-07-28 05:37:05
572,572,Nelson,-41.2833,173.2833,55.29,89,91,0.63,NZ,2022-07-28 05:34:03
573,573,Sao Borja,-28.6606,-56.0044,66.94,84,65,7.43,BR,2022-07-28 05:37:06
574,574,Arraias,-12.9288,-46.9437,62.65,47,0,4.59,BR,2022-07-28 05:37:06
575,575,Awjilah,29.1081,21.2869,84.76,36,0,7.14,LY,2022-07-28 05:37:07
576,576,Klyuchi,52.2667,79.1667,87.04,26,93,16.24,RU,2022-07-28 05:37:07
577,577,Providencia,28.7167,-111.5833,85.23,65,69,10.2,MX,2022-07-28 05:37:08
578,578,Islahiye,37.025,36.6306,89.19,26,0,2.77,TR,2022-07-28 05:37:08
579,579,Pangoa,-12.1167,-73.0,69.26,85,92,2.59,PE,2022-07-28 05:37:09
580,580,Bucerias,20.75,-105.3333,80.98,100,40,3.44,MX,2022-07-28 05:35:13
581,581,Shyryayeve,47.3805,30.1964,76.59,46,32,11.5,UA,2022-07-28 05:37:10
582,582,Esna,25.2934,32.554,93.76,15,46,9.24,EG,2022-07-28 05:37:10
583,583,Mana,5.6592,-53.7767,75.02,91,93,4.23,GF,2022-07-28 05:37:11
584,584,Huescar,37.811,-2.5412,66.11,35,0,1.34,ES,2022-07-28 05:37:11
585,585,Baiquan,47.5833,126.0833,72.52,89,100,9.46,CN,2022-07-28 05:37:11
586,586,Nenjiang,49.1833,125.2167,69.91,95,100,5.17,CN,2022-07-28 05:37:12
587,587,Pese,7.9,-80.6167,75.79,96,100,5.77,PA,2022-07-28 05:37:12
588,588,Vardo,70.3705,31.1107,49.98,93,100,26.46,NO,2022-07-28 05:37:13
589,589,Belmonte,-15.8631,-38.8828,68.41,80,2,3.2,BR,2022-07-28 05:37:13
590,590,Morondava,-20.2833,44.2833,70.25,64,0,4.76,MG,2022-07-28 05:35:09
591,591,Sangar,63.9242,127.4739,83.16,45,5,0.98,RU,2022-07-28 05:37:14
592,592,Zeya,53.75,127.2667,76.69,88,100,3.65,RU,2022-07-28 05:37:14
593,593,Hualmay,-11.0964,-77.6139,60.85,88,42,9.71,PE,2022-07-28 05:37:15
594,594,Capaci,38.1711,13.2393,87.64,56,0,13.8,IT,2022-07-28 05:37:15
595,595,Novi Iskar,42.8,23.35,66.45,94,100,11.5,BG,2022-07-28 05:37:16
596,596,Deep River,46.1001,-77.4995,59.7,92,34,3.18,CA,2022-07-28 05:32:40
597,597,Khash,28.2211,61.2158,81.16,57,96,4.07,IR,2022-07-28 05:37:16
598,598,Miranda,3.2499,-76.2281,66.33,91,98,1.9,CO,2022-07-28 05:37:17
599,599,Bandarbeyla,9.4942,50.8122,84.0,49,98,27.09,SO,2022-07-28 05:38:17
600,600,Waipawa,-41.4122,175.5153,48.74,85,89,10.0,NZ,2022-07-28 05:34:14
601,601,Monrovia,6.3005,-10.7969,75.11,83,100,9.91,LR,2022-07-28 05:34:07
602,602,Lokosovo,61.1333,74.8167,66.72,55,90,11.39,RU,2022-07-28 05:38:18
603,603,Lae,-6.7221,146.9847,86.67,71,29,7.63,PG,2022-07-28 05:38:19
604,604,Riverton,40.5219,-111.9391,82.31,30,0,7.0,US,2022-07-28 05:38:19
605,605,Damietta,31.4165,31.8133,82.6,54,0,4.97,EG,2022-07-28 05:38:19
607,607,Kirensk,57.7853,108.1119,68.47,77,100,3.74,RU,2022-07-28 05:38:20
608,608,Goure,13.9835,10.2704,75.02,69,98,14.85,NE,2022-07-28 05:38:21
609,609,Troitsko-Pechorsk,62.7084,56.1964,73.09,39,80,3.36,RU,2022-07-28 05:38:21
610,610,Petropavlovka,50.6114,105.3196,69.46,47,91,2.48,RU,2022-07-28 05:38:22
612,612,Maruko,36.3167,138.2667,86.31,87,100,2.89,JP,2022-07-28 05:38:23
613,613,Karatau,43.1667,70.4667,90.21,21,47,4.14,KZ,2022-07-28 05:38:24
614,614,Moramanga,-18.9333,48.2,63.75,67,13,2.06,MG,2022-07-28 05:38:25
615,615,Altamira,-3.2033,-52.2064,72.64,78,71,2.01,BR,2022-07-28 05:38:25
616,616,Berlevag,70.8578,29.0864,49.95,87,100,26.46,NO,2022-07-28 05:38:25
617,617,Killybegs,54.6333,-8.45,53.65,85,99,5.64,IE,2022-07-28 05:38:26
618,618,Shizunai,42.3339,142.3669,74.12,85,54,6.76,JP,2022-07-28 05:38:04
619,619,Bataipora,-22.2953,-53.2711,66.0,46,14,3.85,BR,2022-07-28 05:38:27
620,620,Khandyga,62.6667,135.6,85.44,30,30,4.79,RU,2022-07-28 05:38:27
621,621,Myitkyina,25.3833,97.4,80.51,87,99,1.45,MM,2022-07-28 05:38:28
622,622,Korla,41.7597,86.1469,98.37,10,26,3.24,CN,2022-07-28 05:38:28
623,623,Fort Nelson,58.8053,-122.7002,69.39,78,20,2.3,CA,2022-07-28 05:35:56
624,624,Kefamenanu,-9.4467,124.4781,81.73,46,24,13.24,ID,2022-07-28 05:38:29
625,625,Koszalin,54.1944,16.1722,63.68,70,35,11.79,PL,2022-07-28 05:38:29
626,626,Sao Joao Da Barra,-21.6403,-41.0511,67.06,86,0,10.76,BR,2022-07-28 05:38:30
627,627,Morro Bay,35.3658,-120.8499,68.88,86,27,3.0,US,2022-07-28 05:37:40
628,628,Ginir,7.1333,40.7,65.34,57,84,8.05,ET,2022-07-28 05:38:31
629,629,Cam Ranh,11.9214,109.1591,91.36,58,20,10.36,VN,2022-07-28 05:38:31
630,630,Pirovskoye,57.6267,92.2658,73.87,49,98,3.27,RU,2022-07-28 05:38:32
631,631,Nazarovo,56.0064,90.3914,71.01,51,82,4.25,RU,2022-07-28 05:38:32
632,632,Madaoua,14.073,5.96,75.07,68,100,17.96,NE,2022-07-28 05:38:32
633,633,Buala,-8.145,159.5921,82.35,75,15,10.22,SB,2022-07-28 05:38:33
634,634,Makat,47.6469,53.3463,87.53,29,70,1.03,KZ,2022-07-28 05:38:33
635,635,Odessa,46.4775,30.7326,74.91,51,55,5.26,UA,2022-07-28 05:35:06
636,636,Dingle,10.9995,122.6711,86.59,73,100,12.19,PH,2022-07-28 05:38:34
637,637,Bokoro,12.3807,17.0568,74.75,82,90,6.44,TD,2022-07-28 05:38:35
638,638,Mufumbwe,-13.6833,24.8,55.78,63,52,7.0,ZM,2022-07-28 05:38:35
639,639,Fuerte Olimpo,-21.0415,-57.8738,70.45,43,3,5.23,PY,2022-07-28 05:38:35
640,640,Naters,46.3254,7.9891,67.95,87,29,5.99,CH,2022-07-28 05:38:36
641,641,Takab,36.4009,47.1133,81.14,37,0,4.27,IR,2022-07-28 05:38:37
642,642,Kijang,35.2442,129.2139,85.73,85,59,8.93,KR,2022-07-28 05:38:37
643,643,Yeppoon,-23.1333,150.7333,67.78,56,0,7.16,AU,2022-07-28 05:39:38
644,644,Chinhoyi,-17.3667,30.2,59.2,60,0,4.03,ZW,2022-07-28 05:39:38
645,645,Leningradskiy,69.3833,178.4167,38.91,79,93,6.89,RU,2022-07-28 05:39:39
646,646,Penalva,-3.2942,-45.1736,71.58,93,48,3.62,BR,2022-07-28 05:39:39
647,647,Bonthe,7.5264,-12.505,74.26,90,83,4.36,SL,2022-07-28 05:38:47
648,648,Stephenville,32.2207,-98.2023,87.82,53,40,9.22,US,2022-07-28 05:39:40
649,649,Aripuana,-9.1667,-60.6333,69.89,52,17,2.01,BR,2022-07-28 05:39:41
650,650,Porbandar,21.6422,69.6093,84.18,79,75,6.91,IN,2022-07-28 05:39:41
651,651,Minas,-34.3759,-55.2377,61.02,99,100,8.12,UY,2022-07-28 05:39:41
652,652,Roebourne,-20.7833,117.1333,79.34,40,0,17.49,AU,2022-07-28 05:39:42
653,653,Susanville,40.4163,-120.653,82.24,24,0,5.75,US,2022-07-28 05:36:53
654,654,Duiwelskloof,-23.6934,30.14,57.24,69,0,4.59,ZA,2022-07-28 05:39:43
655,655,Kitimat,54.0524,-128.6534,79.18,37,1,2.44,CA,2022-07-28 05:39:43
656,656,Tarko-Sale,64.9225,77.785,64.36,52,12,16.06,RU,2022-07-28 05:39:44
657,657,Eureka,40.8021,-124.1637,67.68,87,11,4.59,US,2022-07-28 05:37:56
658,658,Kaniama,-7.5667,24.1833,69.96,40,8,5.08,CD,2022-07-28 05:39:44
659,659,Nipawin,53.3668,-104.0009,55.44,88,0,5.75,CA,2022-07-28 05:39:45
660,660,Eldama Ravine,0.0516,35.7308,60.17,83,98,3.74,KE,2022-07-28 05:39:45
661,661,Carlsbad,33.1581,-117.3506,70.84,87,40,3.44,US,2022-07-28 05:39:17
662,662,Viedma,-40.8135,-62.9967,42.13,90,37,8.16,AR,2022-07-28 05:39:46
663,663,Tacuarembo,-31.7333,-55.9833,63.52,92,76,3.49,UY,2022-07-28 05:39:47
664,664,Vila,42.0304,-8.1588,52.68,88,5,1.16,PT,2022-07-28 05:39:47
665,665,Palu,-0.8917,119.8707,83.34,86,84,3.11,ID,2022-07-28 05:39:48
666,666,Coleraine,55.1333,-6.6667,53.51,84,100,4.05,GB,2022-07-28 05:39:48
667,667,Lyuban,52.7985,28.0048,63.3,71,75,4.34,BY,2022-07-28 05:39:48
668,668,Smithers,54.7804,-127.1743,70.12,73,0,4.61,CA,2022-07-28 05:35:51
669,669,Sisimiut,66.9395,-53.6735,40.41,94,52,2.24,GL,2022-07-28 05:39:49
670,670,Hobyo,5.3505,48.5268,80.2,62,100,22.82,SO,2022-07-28 05:39:49
671,671,Doha,25.2867,51.5333,85.98,82,75,11.5,QA,2022-07-28 05:38:08
672,672,Kiruna,67.8557,20.2251,47.32,76,100,10.36,SE,2022-07-28 05:39:50
673,673,Sur,22.5667,59.5289,85.06,64,94,17.72,OM,2022-07-28 05:36:34
674,674,Soverato,38.685,16.5499,81.16,65,2,6.53,IT,2022-07-28 05:39:51
675,675,Athabasca,54.7169,-113.2854,63.01,82,14,6.76,CA,2022-07-28 05:39:52
676,676,Rio Grande,-32.035,-52.0986,58.95,95,99,7.23,BR,2022-07-28 05:39:52
677,677,Maragogi,-9.0122,-35.2225,70.29,91,51,5.3,BR,2022-07-28 05:39:53
678,678,Sao Miguel Do Araguaia,-13.275,-50.1628,67.59,41,0,3.76,BR,2022-07-28 05:39:53
679,679,Zhicheng,30.2956,111.5047,90.05,64,38,4.85,CN,2022-07-28 05:39:54
680,680,Gwadar,25.1216,62.3254,83.3,75,100,9.8,PK,2022-07-28 05:39:55
681,681,Irece,-11.3042,-41.8558,59.88,89,0,11.25,BR,2022-07-28 05:37:45
682,682,Zonguldak,41.25,31.8333,58.05,49,0,1.86,TR,2022-07-28 05:39:55
683,683,Takoradi,4.8845,-1.7554,74.34,85,83,10.92,GH,2022-07-28 05:39:56
684,684,Verkhoyansk,67.5447,133.385,86.27,36,48,4.47,RU,2022-07-28 05:39:56
685,685,Bac Lieu,9.285,105.7244,87.37,65,57,8.3,VN,2022-07-28 05:39:57
686,686,Strezhevoy,60.7333,77.5889,69.75,49,43,10.18,RU,2022-07-28 05:39:57
688,688,Akhmim,26.5622,31.745,91.22,14,51,7.09,EG,2022-07-28 05:40:58
689,689,King City,36.2127,-121.126,77.92,48,0,4.21,US,2022-07-28 05:40:59
